{
	"format_version": "1.9.0",
	"credit": "Made with Blockbench",
	"textures": {
		"0": "fathom:item/anchor",
		"particle": "fathom:item/anchor"
	},
	"elements": [
		{
			"from": [-5.99562, 9.24562, 7.75],
			"to": [-0.99562, 10.74562, 9.25],
			"rotation": {"angle": -45, "axis": "z", "origin": [6, 9.99562, 8.5]},
			"faces": {
				"north": {"uv": [2.00676, 8.75177, 2.49047, 10.48453], "rotation": 270, "texture": "#0"},
				"east": {"uv": [1.24124, 9.48525, 0.75753, 9.00159], "rotation": 90, "texture": "#0"},
				"south": {"uv": [2.00676, 8.75177, 2.49047, 10.48453], "rotation": 90, "texture": "#0"},
				"west": {"uv": [9.48616, 3.5055, 9.00245, 3.98916], "rotation": 90, "texture": "#0"},
				"up": {"uv": [2.00676, 8.75177, 2.49047, 10.48453], "rotation": 90, "texture": "#0"},
				"down": {"uv": [2.00676, 8.75177, 2.49047, 10.48453], "rotation": 90, "texture": "#0"}
			}
		},
		{
			"from": [1.00438, 8.99562, 7.5],
			"to": [7.00438, 10.99562, 9.5],
			"rotation": {"angle": -45, "axis": "z", "origin": [6, 9.99562, 8.5]},
			"faces": {
				"north": {"uv": [4.75507, 7.50266, 5.23877, 8.9856], "rotation": 270, "texture": "#0"},
				"east": {"uv": [4.98893, 9.73507, 4.50522, 9.25141], "rotation": 90, "texture": "#0"},
				"south": {"uv": [6.25415, 7.50266, 6.73785, 8.9856], "rotation": 90, "texture": "#0"},
				"west": {"uv": [5.73846, 9.25141, 5.25476, 9.73507], "rotation": 90, "texture": "#0"},
				"up": {"uv": [7.00368, 7.50266, 7.48739, 8.9856], "rotation": 90, "texture": "#0"},
				"down": {"uv": [5.50461, 7.50266, 5.98831, 8.9856], "rotation": 90, "texture": "#0"}
			}
		},
		{
			"from": [-7.99562, 8.99562, 7.5],
			"to": [-5.99562, 10.99562, 9.5],
			"rotation": {"angle": -45, "axis": "z", "origin": [6, 9.99562, 8.5]},
			"faces": {
				"north": {"uv": [9.00245, 4.25497, 9.48616, 4.73863], "rotation": 270, "texture": "#0"},
				"east": {"uv": [8.23692, 9.48525, 7.75322, 9.00159], "rotation": 90, "texture": "#0"},
				"south": {"uv": [9.00245, 5.7539, 9.48616, 6.23756], "rotation": 90, "texture": "#0"},
				"west": {"uv": [8.98646, 9.00159, 8.50276, 9.48525], "rotation": 90, "texture": "#0"},
				"up": {"uv": [9.00245, 6.50337, 9.48616, 6.98702], "rotation": 90, "texture": "#0"},
				"down": {"uv": [9.00245, 5.00444, 9.48616, 5.48809], "rotation": 90, "texture": "#0"}
			}
		},
		{
			"from": [13.96325, 6.81053, 8],
			"to": [16.96325, 11.81053, 9],
			"rotation": {"angle": 0, "axis": "z", "origin": [6, 9.99562, 8.5]},
			"faces": {
				"north": {"uv": [4.75507, 6.50337, 5.98831, 7.23685], "rotation": 270, "texture": "#0"},
				"east": {"uv": [8.73662, 3.73934, 7.50338, 3.5055], "rotation": 90, "texture": "#0"},
				"south": {"uv": [6.25415, 6.50337, 7.48739, 7.23685], "rotation": 90, "texture": "#0"},
				"west": {"uv": [9.48616, 1.50693, 8.25292, 1.74076], "rotation": 90, "texture": "#0"},
				"up": {"uv": [6.0043, 9.25141, 6.23816, 9.98489], "rotation": 90, "texture": "#0"},
				"down": {"uv": [1.50707, 9.00159, 1.74093, 9.73507], "rotation": 90, "texture": "#0"}
			}
		},
		{
			"from": [-0.99562, 6.99562, 7.5],
			"to": [1.00438, 12.99562, 9.5],
			"rotation": {"angle": -45, "axis": "z", "origin": [6, 9.99562, 8.5]},
			"faces": {
				"north": {"uv": [7.25353, 4.00515, 8.73662, 4.4888], "rotation": 270, "texture": "#0"},
				"east": {"uv": [8.98646, 2.49023, 7.50338, 2.00657], "rotation": 90, "texture": "#0"},
				"south": {"uv": [7.25353, 4.75461, 8.73662, 5.23827], "rotation": 90, "texture": "#0"},
				"west": {"uv": [8.98646, 2.75604, 7.50338, 3.23969], "rotation": 90, "texture": "#0"},
				"up": {"uv": [9.2523, 2.75604, 9.736, 3.23969], "rotation": 90, "texture": "#0"},
				"down": {"uv": [9.2523, 2.00657, 9.736, 2.49023], "rotation": 90, "texture": "#0"}
			}
		},
		{
			"from": [-0.49562, 2.99562, 8.5],
			"to": [2.50438, 16.99562, 8.5],
			"rotation": {"angle": -45, "axis": "z", "origin": [6, 9.99562, 8.5]},
			"faces": {
				"north": {"uv": [0.008, 0.00799, 3.48985, 0.74147], "rotation": 270, "texture": "#0"},
				"east": {"uv": [12.48431, 1.2571, 9.00245, 1.2571], "rotation": 90, "texture": "#0"},
				"south": {"uv": [0.008, 1.00728, 3.48985, 1.74076], "rotation": 90, "texture": "#0"},
				"west": {"uv": [12.984, 7.25284, 9.50215, 7.25284], "rotation": 90, "texture": "#0"},
				"up": {"uv": [2.7563, 9.50123, 2.7563, 10.23471], "rotation": 90, "texture": "#0"},
				"down": {"uv": [9.2523, 8.75177, 9.2523, 9.48525], "rotation": 90, "texture": "#0"}
			}
		},
		{
			"from": [7.00438, 8.49562, 7.5],
			"to": [15.00439, 11.49562, 9.5],
			"rotation": {"angle": -45, "axis": "z", "origin": [6, 9.99562, 8.5]},
			"faces": {
				"north": {"uv": [0.008, 5.50408, 0.74154, 7.48667], "rotation": 270, "texture": "#0"},
				"east": {"uv": [8.73662, 5.98774, 8.00307, 5.50408], "rotation": 90, "texture": "#0"},
				"south": {"uv": [1.00738, 5.50408, 1.74093, 7.48667], "rotation": 90, "texture": "#0"},
				"west": {"uv": [3.48985, 8.75177, 2.7563, 9.23542], "rotation": 90, "texture": "#0"},
				"up": {"uv": [2.7563, 6.50337, 3.24, 8.48596], "rotation": 90, "texture": "#0"},
				"down": {"uv": [2.00676, 6.50337, 2.49047, 8.48596], "rotation": 90, "texture": "#0"}
			}
		},
		{
			"from": [9.89479, 2.10083, 7],
			"to": [13.89479, 6.10083, 10],
			"light_emission": 13,
			"rotation": {"angle": 0, "axis": "z", "origin": [6, 9.99562, 8.5]},
			"faces": {
				"north": {"uv": [6.0043, 15.0167, 6.98769, 16], "rotation": 180, "texture": "#0"},
				"east": {"uv": [1.00738, 15.0167, 1.74093, 16], "rotation": 180, "texture": "#0"},
				"south": {"uv": [6.98769, 15.0167, 6.0043, 16], "rotation": 180, "texture": "#0"},
				"west": {"uv": [0.008, 15.0167, 0.74154, 16], "rotation": 180, "texture": "#0"},
				"up": {"uv": [8.73662, 15.26652, 7.75322, 16], "rotation": 180, "texture": "#0"},
				"down": {"uv": [4.48923, 16, 3.50584, 15.26652], "rotation": 180, "texture": "#0"}
			}
		},
		{
			"from": [13.00439, 4.49562, 7.5],
			"to": [16.00439, 15.49562, 9.5],
			"rotation": {"angle": -45, "axis": "z", "origin": [6, 9.99562, 8.5]},
			"faces": {
				"north": {"uv": [4.50522, 3.00586, 7.23754, 3.73934], "rotation": 270, "texture": "#0"},
				"east": {"uv": [4.73908, 6.23756, 2.00676, 5.7539], "rotation": 270, "texture": "#0"},
				"south": {"uv": [4.50522, 2.00657, 7.23754, 2.74005], "rotation": 90, "texture": "#0"},
				"west": {"uv": [7.73723, 5.7539, 5.00492, 6.23756], "rotation": 270, "texture": "#0"},
				"up": {"uv": [3.75569, 8.75177, 4.23939, 9.48525], "rotation": 90, "texture": "#0"},
				"down": {"uv": [0.008, 9.00159, 0.4917, 9.73507], "rotation": 90, "texture": "#0"}
			}
		},
		{
			"from": [12.93875, 6.52476, 8.5],
			"to": [17.93875, 13.52476, 8.5],
			"rotation": {"angle": 22.5, "axis": "z", "origin": [6, 9.99562, 8.5]},
			"faces": {
				"north": {"uv": [0.008, 3.5055, 1.24124, 5.23827], "rotation": 180, "texture": "#0"},
				"east": {"uv": [3.25599, 9.50123, 3.25599, 11.234], "rotation": 180, "texture": "#0"},
				"south": {"uv": [1.24124, 3.5055, 0.008, 5.23827], "rotation": 180, "texture": "#0"},
				"west": {"uv": [3.00615, 9.50123, 3.00615, 11.234], "rotation": 180, "texture": "#0"},
				"up": {"uv": [7.23754, 5.50408, 6.0043, 5.50408], "rotation": 180, "texture": "#0"},
				"down": {"uv": [6.488, 1.75675, 5.25476, 1.75675], "rotation": 180, "texture": "#0"}
			}
		},
		{
			"from": [15.99562, 7.45725, 8.5],
			"to": [21.99562, 12.45725, 8.5],
			"rotation": {"angle": -45, "axis": "z", "origin": [6, 9.99562, 8.5]},
			"faces": {
				"north": {"uv": [4.50522, 4.00515, 5.73846, 5.48809], "rotation": 270, "texture": "#0"},
				"east": {"uv": [10.98523, 1.75675, 9.75199, 1.75675], "rotation": 90, "texture": "#0"},
				"south": {"uv": [5.73846, 4.00515, 4.50522, 5.48809], "rotation": 90, "texture": "#0"},
				"west": {"uv": [10.98523, 3.5055, 9.75199, 3.5055], "rotation": 90, "texture": "#0"},
				"up": {"uv": [1.00738, 9.75106, 1.00738, 11.234], "rotation": 90, "texture": "#0"},
				"down": {"uv": [0.75753, 9.75106, 0.75753, 11.234], "rotation": 90,